fecha,tasa_fallas,lotes
2008-07-20,0.23076923076923078,13
2008-07-27,0.09523809523809523,21
2008-08-03,0.20833333333333334,48
2008-08-10,0.12962962962962962,108
2008-08-17,0.13725490196078433,51
2008-08-24,0.10576923076923077,208
2008-08-31,0.04142011834319527,169
2008-09-07,0.015037593984962405,133
2008-09-14,0.042105263157894736,95
2008-09-21,0.032467532467532464,154
2008-09-28,0.024096385542168676,166
2008-10-05,0.08875739644970414,169
2008-10-12,0.057971014492753624,138
2008-10-19,0.010638297872340425,94
