variable,p_valor,efecto_rb,mediana_pasa,mediana_falla,p_ajustado
s59,5.181700678990719e-11,0.38481912824018083,0.7482,5.5222999999999995,2.3110385028298607e-08
s103,9.434705888491172e-09,0.33643987591356017,-0.0102,-0.008199999999999999,2.1039394131335314e-06
s247,9.788140536129314e-07,0.27298359535201644,0.027,0.027,0.00011477257045810235
s519,1.0293504076959852e-06,0.27243151585256853,5.83295,5.83295,0.00011477257045810235
s510,3.4203229939931224e-06,0.27218176560281826,46.4122,58.2324,0.00030509281106418654
s477,3.442857979108274e-05,0.24277038750722957,5.2008,6.1204,0.002559191097803817
s129,4.6447579753990134e-05,0.23847862663652142,-0.1419,0.0,0.00259941735787469
s205,4.6626320320622244e-05,0.2386626531363374,7.67,9.16,0.00259941735787469
s28,7.445539123218915e-05,-0.23219543614280447,69.2444,68.19445,0.0036896782766173736
s385,0.0001474186619772914,0.21119669803880325,0.0068,0.0068,0.00652520796786539
s33,0.00016152254870047675,0.22112098427887905,8.7662,8.8941,0.00652520796786539
s341,0.00018592344578801084,0.2190572585309427,2.3647,2.721,0.00652520796786539
s316,0.0001901966448032513,-0.21872206740627798,5.8604,5.5312,0.00652520796786539
s21,0.0004677744869412677,0.20505809979494194,-5528.75,-5447.5,0.014408552054406637
s124,0.00048459255788363127,0.20436800042063197,15.77,15.825,0.014408552054406637
s290,0.0011807145464984032,0.190105946684894,0.0822,0.1009,0.03291241798364299
s125,0.0014845284396247812,-0.18623481781376516,1.144,1.078,0.035575970049354096
s348,0.0014961076447385093,0.1861165150638835,0.0226,0.0246,0.035575970049354096
s180,0.0015155682308020803,-0.18589962668910043,18.75,17.615000000000002,0.035575970049354096
s40,0.00174126671406022,-0.18352042694147963,78.3,77.10499999999999,0.03883024772354291
s452,0.0023992086469455482,-0.17793390819706612,5.2888,4.9924,0.049980365766658395
s298,0.0026368013422266613,0.176257952573742,0.0522,0.05845,0.049980365766658395
s431,0.0027357942430629805,0.17560071507439934,16.2134,18.37995,0.049980365766658395
s112,0.0027947507603812254,0.16668857458331143,0.46285,0.46285,0.049980365766658395
s122,0.0028015900093418386,-0.17517351069982645,3.879,3.5255,0.049980365766658395
s121,0.0032043218245802326,0.17263657395236343,15.79,15.81,0.05496644360626091
s152,0.0033991232133487345,0.17168357957831637,0.4659,0.5216000000000001,0.05614847974642724
s79,0.003698487814299677,0.17013907145486096,0.0006,0.0076500000000000005,0.05891162732777343
s287,0.004530664370369879,0.16637967295862033,0.1383,0.15610000000000002,0.06918433717845701
s163,0.004719346730353233,0.16561070508438924,0.119,0.135,0.06918433717845701
